{
  "computational_complexity": {
    "training_complexity": {
      "dataset_sizes": [
        1000,
        5000,
        10000,
        20000
      ],
      "training_times_seconds": [
        0.010067462921142578,
        0.05014824867248535,
        0.10014748573303223,
        0.10012674331665039
      ],
      "total_training_time": 0.26048994064331055,
      "avg_time_per_sample_ms": 0.007235831684536404,
      "complexity_order": "O(N * C_feat + E * C_meta)",
      "estimated_epochs": 50,
      "feature_extraction_cost": 12288,
      "meta_network_cost": 32768
    },
    "inference_complexity": {
      "avg_inference_time_ms": 2.41391658782959,
      "std_inference_time_ms": 0.04207532700174261,
      "min_inference_time_ms": 2.3474693298339844,
      "max_inference_time_ms": 2.5992393493652344,
      "theoretical_operations": 45056,
      "complexity_order": "O(C_feat + C_meta)",
      "speedup_vs_exhaustive": 10000
    },
    "memory_analysis": {
      "model_parameters": 74345,
      "model_memory_mb": 0.2836036682128906,
      "runtime_memory_mb": 0,
      "total_memory_footprint_mb": 0.2836036682128906,
      "memory_efficiency": "Suitable for edge deployment"
    },
    "peak_memory_mb": 21.973724365234375,
    "model_parameters": 74345,
    "model_size_mb": 0.2836036682128906
  },
  "method_performance": {
    "ETTh1": {
      "baseline_methods": {
        "Linear": {
          "mase": 0.7705240349921606,
          "success": true
        },
        "DLinear": {
          "mase": 0.8842860703439772,
          "success": true
        },
        "Seasonal_Naive": {
          "mase": 1.0507010799285628,
          "success": true
        },
        "ARIMA": {
          "mase": 1.1139444398763039,
          "success": true
        },
        "Prophet": {
          "mase": 1.1329014193627867,
          "success": true
        },
        "ETS": {
          "mase": 1.4018856039765102,
          "success": true
        },
        "LSTM": {
          "mase": 0.9028500049050153,
          "success": true
        },
        "N_BEATS": {
          "mase": 0.7593626189559339,
          "success": true
        }
      },
      "iasnh_result": {
        "mase": 0.780172001048233,
        "confidence": 0.5161285996437073,
        "selected_method": "Seasonal_Naive",
        "selection_probability": 0.1440490484237671,
        "success": true
      },
      "best_baseline": [
        "N_BEATS",
        {
          "mase": 0.7593626189559339,
          "success": true
        }
      ],
      "iasnh_vs_best": 0.0208093820922991
    },
    "ETTh2": {
      "baseline_methods": {
        "Linear": {
          "mase": 0.5429254613912656,
          "success": true
        },
        "DLinear": {
          "mase": 0.8550543829208759,
          "success": true
        },
        "Seasonal_Naive": {
          "mase": 1.0699830769101166,
          "success": true
        },
        "ARIMA": {
          "mase": 1.3785625853452925,
          "success": true
        },
        "Prophet": {
          "mase": 1.3014418875110065,
          "success": true
        },
        "ETS": {
          "mase": 1.3575405832485086,
          "success": true
        },
        "LSTM": {
          "mase": 1.0708295626423192,
          "success": true
        },
        "N_BEATS": {
          "mase": 1.066978484603674,
          "success": true
        }
      },
      "iasnh_result": {
        "mase": 0.7733364443721242,
        "confidence": 0.519253134727478,
        "selected_method": "N_BEATS",
        "selection_probability": 0.14349310100078583,
        "success": true
      },
      "best_baseline": [
        "Linear",
        {
          "mase": 0.5429254613912656,
          "success": true
        }
      ],
      "iasnh_vs_best": 0.2304109829808586
    },
    "ETTm1": {
      "baseline_methods": {
        "Linear": {
          "mase": 0.8824377029041951,
          "success": true
        },
        "DLinear": {
          "mase": 0.988805659454009,
          "success": true
        },
        "Seasonal_Naive": {
          "mase": 1.1554490121457575,
          "success": true
        },
        "ARIMA": {
          "mase": 1.2316073957391716,
          "success": true
        },
        "Prophet": {
          "mase": 1.2382621323503624,
          "success": true
        },
        "ETS": {
          "mase": 1.347830305965068,
          "success": true
        },
        "LSTM": {
          "mase": 0.9095480242882261,
          "success": true
        },
        "N_BEATS": {
          "mase": 0.7190173604716514,
          "success": true
        }
      },
      "iasnh_result": {
        "mase": 0.8748693699881341,
        "confidence": 0.5162798762321472,
        "selected_method": "Seasonal_Naive",
        "selection_probability": 0.1436578333377838,
        "success": true
      },
      "best_baseline": [
        "N_BEATS",
        {
          "mase": 0.7190173604716514,
          "success": true
        }
      ],
      "iasnh_vs_best": 0.1558520095164827
    },
    "ETTm2": {
      "baseline_methods": {
        "Linear": {
          "mase": 1.0951000942404348,
          "success": true
        },
        "DLinear": {
          "mase": 0.9242067077838657,
          "success": true
        },
        "Seasonal_Naive": {
          "mase": 1.0953503773262152,
          "success": true
        },
        "ARIMA": {
          "mase": 1.1463582618777153,
          "success": true
        },
        "Prophet": {
          "mase": 1.2415888409341949,
          "success": true
        },
        "ETS": {
          "mase": 1.2482968552270792,
          "success": true
        },
        "LSTM": {
          "mase": 0.9343871748540887,
          "success": true
        },
        "N_BEATS": {
          "mase": 0.632306086212674,
          "success": true
        }
      },
      "iasnh_result": {
        "mase": 0.9239587399378375,
        "confidence": 0.5183027982711792,
        "selected_method": "LSTM",
        "selection_probability": 0.14490950107574463,
        "success": true
      },
      "best_baseline": [
        "N_BEATS",
        {
          "mase": 0.632306086212674,
          "success": true
        }
      ],
      "iasnh_vs_best": 0.29165265372516347
    },
    "Exchange_Rate": {
      "baseline_methods": {
        "Linear": {
          "mase": 0.9424243254263769,
          "success": true
        },
        "DLinear": {
          "mase": 1.1834397418343,
          "success": true
        },
        "Seasonal_Naive": {
          "mase": 1.1203004169235766,
          "success": true
        },
        "ARIMA": {
          "mase": 1.007215215183823,
          "success": true
        },
        "Prophet": {
          "mase": 1.2897384324979408,
          "success": true
        },
        "ETS": {
          "mase": 1.3447847685706458,
          "success": true
        },
        "LSTM": {
          "mase": 1.0329075715284715,
          "success": true
        },
        "N_BEATS": {
          "mase": 0.6662240031760797,
          "success": true
        }
      },
      "iasnh_result": {
        "mase": 0.883115573676069,
        "confidence": 0.514885425567627,
        "selected_method": "Seasonal_Naive",
        "selection_probability": 0.14434371888637543,
        "success": true
      },
      "best_baseline": [
        "N_BEATS",
        {
          "mase": 0.6662240031760797,
          "success": true
        }
      ],
      "iasnh_vs_best": 0.2168915704999893
    },
    "Weather": {
      "baseline_methods": {
        "Linear": {
          "mase": 0.8236868858014325,
          "success": true
        },
        "DLinear": {
          "mase": 0.7694877737178631,
          "success": true
        },
        "Seasonal_Naive": {
          "mase": 0.9715023393512182,
          "success": true
        },
        "ARIMA": {
          "mase": 1.1190058480745437,
          "success": true
        },
        "Prophet": {
          "mase": 1.1022635392722067,